<?xml version="1.0" encoding="UTF-8"?>
<data>
    <entry>
        <name>John Doe</name>
        <age>30</age>
        <city>New York</city>
        <date>2023-04-05</date>
    </entry>
    <entry>
        <name>Jane Smith</name>
        <age>25</age>
        <city>Los Angeles</city>
        <date>2022-11-30</date>
    </entry>
    <entry>
        <name>Bob Johnson</name>
        <age>40</age>
        <city>Chicago</city>
        <date>2021-07-15</date>
    </entry>
    <entry>
        <name>John Doe</name>
        <age>30</age>
        <city>New York</city>
        <date>2023-04-05</date>
    </entry>
    <entry>
        <name></name>
        <age>25</age>
        <city>Los Angeles</city>
        <date>2022-11-30</date>
    </entry>
</data>


